{
    "0": 1,
    "1": 27,
    "2": 38,
    "3": 23,
    "4": 30,
    "5": 21,
    "6": 37,
    "7": 45,
    "8": 3,
    "9": 42,
    "10": 9,
    "11": 33,
    "12": 86,
    "13": 26,
    "14": 2,
    "15": 84,
    "16": 28,
    "17": 39,
    "18": 15,
    "19": 35,
    "20": 6,
    "21": 4,
    "22": 31,
    "23": 14,
    "24": 7,
    "25": 12,
    "26": 74,
    "27": 19,
    "28": 78,
    "29": 25,
    "30": 48,
    "31": 5,
    "32": 18,
    "33": 34,
    "34": 36,
    "35": 53,
    "36": 43,
    "37": 49,
    "38": 44,
    "39": 87,
    "40": 32,
    "41": 83,
    "42": 29,
    "43": 22,
    "44": 47,
    "45": 85,
    "46": 50,
    "47": 51,
    "48": 16,
    "49": 52,
    "50": 40,
    "51": 65,
    "52": 24,
    "53": 54,
    "54": 62,
    "55": 55,
    "56": 56,
    "57": 46,
    "58": 13,
    "59": 81,
    "60": 57,
    "61": 75,
    "62": 59,
    "63": 67,
    "64": 10,
    "65": 80,
    "66": 60,
    "67": 61,
    "68": 64,
    "69": 66,
    "70": 68,
    "71": 90,
    "72": 69,
    "73": 70,
    "74": 71,
    "75": 72,
    "76": 58,
    "77": 11,
    "78": 17,
    "79": 73,
    "80": 8,
    "81": 63,
    "82": 76,
    "83": 77,
    "84": 79,
    "85": 41,
    "86": 20,
    "87": 82,
    "88": 88,
    "89": 89
}